MAE,MSE,RMSE,R2 Score
4064.0,19315680.0,4394.960750677986,0.6215579937304075
